Red,Green,Blue
133.03372136864925,133.9129512677915,135.45697049674806
99.9055518899048,100.61827222169856,117.63528607785842
150.92190592892828,150.12475256857385,144.21816382316902
148.87402205674428,148.13846733905174,142.31650014138938
146.3624988217551,145.67687812234894,139.6967904609294
