Red,Green,Blue
153.07960222452635,150.83398529550382,150.87333867471014
