Red,Green,Blue
114.06593458384391,113.32444151192384,128.62906494485813
138.92494580073523,137.67862192478086,140.0373267980017
139.4630031105665,138.32611461966255,140.02417758506928
